,id,projectName,testCase,isFlaky,prediction
11,7338.0,ninjaframework-ninja,ninja.resultstest.testresultshtmlwithstatuscode,0.0,False
12,7339.0,ninjaframework-ninja,ninja.resultstest.testresultsjson,0.0,False
25,7352.0,ninjaframework-ninja,ninja.resulttest.testredirect,0.0,False
33,7361.0,ninjaframework-ninja,ninja.resulttest.testrendermultipleobjects,0.0,False
41,7369.0,ninjaframework-ninja,ninja.routebuilderimpltest.testbasicrouteswithregex,0.0,False
56,7386.0,ninjaframework-ninja,ninja.cookietest.testthatbuilderrejectsnullvalues,0.0,False
59,7396.0,ninjaframework-ninja,ninja.lifecycle.lifecyclesupporttest.serviceshouldbestartedwhenlifecycleserviceisstarted,0.0,False
72,7420.0,ninjaframework-ninja,ninja.postoffice.commonsmail.commonsmailhelperimpltest.testdosetserverparameter,0.0,False
73,7421.0,ninjaframework-ninja,ninja.postoffice.commonsmail.commonsmailhelperimpltest.testcreatelistofaddresses,0.0,False
88,7446.0,ninjaframework-ninja,ninja.template.templateenginemanagerimpltest.testoverridehtml,0.0,False
97,7460.0,ninjaframework-ninja,ninja.utils.resulthandlertest.testcachecontroldoesnotgettouchedwhenset,0.0,False
98,7461.0,ninjaframework-ninja,ninja.utils.resulthandlertest.testrenderplainstringandsetdefaultcontenttype,0.0,False
102,7465.0,ninjaframework-ninja,ninja.utils.resulthandlertest.testthatnohttpbodyworks,0.0,False
103,7466.0,ninjaframework-ninja,ninja.utils.ninjamodehelpertest.testninjamodehelperworkswithnomodeset,0.0,False
108,7471.0,ninjaframework-ninja,ninja.utils.httpcachetoolkitimpltest.testaddetag,0.0,False
123,7488.0,ninjaframework-ninja,ninja.utils.ninjapropertiesimpltest.testgetbooleanwithdefault,0.0,False
127,7492.0,ninjaframework-ninja,ninja.utils.cookiedatacodectest.bake_in_multiple_headers_and_values,0.0,False
136,7502.0,ninjaframework-ninja,ninja.utils.cookiedatacodectest.decode_values_with_gibberish_in_them,0.0,False
171,7539.0,ninjaframework-ninja,ninja.params.controllermethodinvokertest.intparamshouldhandlenull,0.0,False
180,7548.0,ninjaframework-ninja,ninja.params.controllermethodinvokertest.primlongparamshouldbeparsedtolong,0.0,False
197,7565.0,ninjaframework-ninja,ninja.params.controllermethodinvokertest.customargumentextractorwithguiceshouldbeinstantiated,0.0,False
199,7567.0,ninjaframework-ninja,ninja.params.controllermethodinvokertest.validationshouldfailwhenbadrequest,0.0,False
216,7590.0,ninjaframework-ninja,ninja.session.sessioncookietest.testhttpsonlyworks,0.0,False
221,7595.0,ninjaframework-ninja,ninja.session.sessioncookietest.testthatcorrectmethodofninjapropertiesisusedsothatstuffbreakswhenpropertyisabsent,0.0,False
240,7616.0,ninjaframework-ninja,ninja.servlet.contextimpltest.testcontenttypegetsconvertedproperlyuponfinalize,0.0,False
244,7620.0,ninjaframework-ninja,ninja.servlet.contextimpltest.testgetrequestcontenttype,0.0,False
248,7624.0,ninjaframework-ninja,ninja.servlet.contextimpltest.testgetacceptcharset,0.0,False
250,7626.0,ninjaframework-ninja,ninja.servlet.contextimpltest.testparsebodypostworks,0.0,False
260,7636.0,ninjaframework-ninja,controllers.applicationcontrollertest.makesuresessionsgetsenttoclient,0.0,False
262,7638.0,ninjaframework-ninja,controllers.applicationcontrollertest.testthatvalidationworks,0.0,False
292,7689.0,ninjaframework-ninja,controllers.applicationcontrollertest.testthathomepageworks,1.0,True
294,7689.0,ninjaframework-ninja,controllers.applicationcontrollertest.testthathomepageworks,1.0,True
301,7671.0,ninjaframework-ninja,controllers.loginlogoutcontrollertest.testloginglogout,0.0,False
311,7661.0,ninjaframework-ninja,controllers.apicontrollertest.testgetandpostarticleviajson,0.0,False
330,7662.0,ninjaframework-ninja,controllers.apicontrollertest.testgetandpostarticleviaxml,0.0,False
346,7698.0,ninjaframework-ninja,controllers.routestest.testrouting,0.0,False
5,7332.0,ninjaframework-ninja,ninja.resultstest.testresultsnocontent,0.0,False
24,7351.0,ninjaframework-ninja,ninja.resulttest.testsetandgettemplate,0.0,False
30,7357.0,ninjaframework-ninja,ninja.resulttest.testsettingofcharsetworks,0.0,False
40,7368.0,ninjaframework-ninja,ninja.routebuilderimpltest.testbasicroutes,0.0,False
49,7379.0,ninjaframework-ninja,ninja.securefiltertest.testsecurefilter,0.0,False
60,7397.0,ninjaframework-ninja,ninja.lifecycle.lifecyclesupporttest.serviceshouldbestartedifaccessedafterlifecycleserviceisstarted,0.0,False
68,7410.0,ninjaframework-ninja,ninja.lifecycle.lifecyclesupporttest.providedsingletondisposableshouldbedisposed,0.0,False
95,7457.0,ninjaframework-ninja,ninja.utils.ninjapropertiesimpltooltest.testnothinghappenswhenapplicationsecretisthere,0.0,False
106,7469.0,ninjaframework-ninja,ninja.utils.ninjamodehelpertest.testninjamodehelperworkswithprodset,0.0,False
113,7477.0,ninjaframework-ninja,ninja.utils.ninjapropertiesimpltest.testgetintegerparsing,0.0,False
121,7486.0,ninjaframework-ninja,ninja.utils.ninjapropertiesimpltest.testgetwithdefault,0.0,False
137,7503.0,ninjaframework-ninja,ninja.utils.httpheaderutilstest.testgetcontenttypefromcontenttypeandcharactersetting,0.0,False
139,7505.0,ninjaframework-ninja,ninja.utils.httpheaderutilstest.testgetcharactersetofcontenttypeorutf8,0.0,False
155,7522.0,ninjaframework-ninja,ninja.i18n.messagesimpltest.testiparameterized18nwithcontextandresult,0.0,False
189,7557.0,ninjaframework-ninja,ninja.params.controllermethodinvokertest.doubleparamshouldbeparsedtodouble,0.0,False
191,7559.0,ninjaframework-ninja,ninja.params.controllermethodinvokertest.doublevalidationshouldwork,0.0,False
198,7566.0,ninjaframework-ninja,ninja.params.controllermethodinvokertest.multipledifferentextractorsshouldworkfine,0.0,False
205,7573.0,ninjaframework-ninja,ninja.params.controllermethodinvokertest.toomanybodiesshouldbeflagged,0.0,False
211,7579.0,ninjaframework-ninja,ninja.params.controllermethodinvokertest.validationfailedwiththreefields,0.0,False
233,7609.0,ninjaframework-ninja,ninja.servlet.contextimpltest.hascookietest,0.0,False
235,7611.0,ninjaframework-ninja,ninja.servlet.contextimpltest.testgetpathparameter,0.0,False
237,7613.0,ninjaframework-ninja,ninja.servlet.contextimpltest.testgetpathparameterasinteger,0.0,False
257,7633.0,ninjaframework-ninja,controllers.uploadcontrollertest.testthatuploadworks,0.0,False
261,7637.0,ninjaframework-ninja,controllers.applicationcontrollertest.testthatpathparamparsingworks,0.0,False
264,7640.0,ninjaframework-ninja,controllers.applicationcontrollertest.testflashsuccessworks,0.0,False
280,7657.0,ninjaframework-ninja,controllers.applicationcontrollertest.testthathomepageworks,1.0,True
283,7669.0,ninjaframework-ninja,controllers.applicationcontrollertest.testthathomepageworks,1.0,True
295,7659.0,ninjaframework-ninja,controllers.loginlogoutcontrollertest.testloginglogout,0.0,False
300,7671.0,ninjaframework-ninja,controllers.loginlogoutcontrollertest.testloginglogout,0.0,False
302,7671.0,ninjaframework-ninja,controllers.loginlogoutcontrollertest.testloginglogout,0.0,False
305,7681.0,ninjaframework-ninja,controllers.loginlogoutcontrollertest.testloginglogout,0.0,False
308,7691.0,ninjaframework-ninja,controllers.loginlogoutcontrollertest.testloginglogout,0.0,False
319,7683.0,ninjaframework-ninja,controllers.apicontrollertest.testgetandpostarticleviajson,0.0,False
320,7683.0,ninjaframework-ninja,controllers.apicontrollertest.testgetandpostarticleviajson,0.0,False
326,7693.0,ninjaframework-ninja,controllers.apicontrollertest.testgetandpostarticleviajson,0.0,False
327,7662.0,ninjaframework-ninja,controllers.apicontrollertest.testgetandpostarticleviaxml,0.0,False
0,7327.0,ninjaframework-ninja,ninja.resultstest.testresultsstatus,0.0,False
13,7340.0,ninjaframework-ninja,ninja.resultstest.testresultsjsonwithobjecttorender,0.0,False
14,7341.0,ninjaframework-ninja,ninja.resultstest.testresultsxml,0.0,False
18,7345.0,ninjaframework-ninja,ninja.resulttest.testgetrenderable,0.0,False
19,7346.0,ninjaframework-ninja,ninja.resulttest.testgetcontenttype,0.0,False
22,7349.0,ninjaframework-ninja,ninja.resulttest.testunsetcookie,0.0,False
38,7366.0,ninjaframework-ninja,ninja.routebuilderimpltest.testbasicpostroute,0.0,False
47,7375.0,ninjaframework-ninja,ninja.routebuilderimpltest.testregexinrouteworkswithoutslashattheend,0.0,False
55,7385.0,ninjaframework-ninja,ninja.cookietest.testthatbuilderrejectsnullkeys,0.0,False
61,7398.0,ninjaframework-ninja,ninja.lifecycle.lifecyclesupporttest.serviceshouldbestartedifexplicitlyboundandsingleton,0.0,False
66,7406.0,ninjaframework-ninja,ninja.lifecycle.lifecyclesupporttest.disposablesshouldbedisposedof,0.0,False
84,7442.0,ninjaframework-ninja,ninja.template.templateenginemanagerimpltest.testgetjsonp,0.0,False
101,7464.0,ninjaframework-ninja,ninja.utils.resulthandlertest.testrenderpicturefrombytes,0.0,False
111,7475.0,ninjaframework-ninja,ninja.utils.ninjapropertiesimpltest.testgetbooleanparsing,0.0,False
129,7494.0,ninjaframework-ninja,ninja.utils.cookiedatacodectest.bake_in_a_header_a_unicode_value,0.0,False
130,7495.0,ninjaframework-ninja,ninja.utils.cookiedatacodectest.bake_in_an_empty_map,0.0,False
132,7497.0,ninjaframework-ninja,ninja.utils.cookiedatacodectest.specifically_exclude_control_chars,0.0,False
133,7498.0,ninjaframework-ninja,ninja.utils.cookiedatacodectest.specifically_exclude_special_cookie_chars,0.0,False
135,7501.0,ninjaframework-ninja,ninja.utils.cookiedatacodectest.decode_values_of_the_previously_supported_format_with_the_new_delimiters_in_them,0.0,False
144,7511.0,ninjaframework-ninja,ninja.cache.cacheprovidertest.testehcachedefaulloadingworks,0.0,False
179,7547.0,ninjaframework-ninja,ninja.params.controllermethodinvokertest.longvalidationshouldwork,0.0,False
181,7549.0,ninjaframework-ninja,ninja.params.controllermethodinvokertest.primlongparamshouldhandlenull,0.0,False
193,7561.0,ninjaframework-ninja,ninja.params.controllermethodinvokertest.primdoubleparamshouldhandlenull,0.0,False
195,7563.0,ninjaframework-ninja,ninja.params.controllermethodinvokertest.customargumentextractorwithnoargsshouldbeinstantiated,0.0,False
206,7574.0,ninjaframework-ninja,ninja.params.controllermethodinvokertest.bodyshouldbeparsedintoleftoverparameter,0.0,False
212,7580.0,ninjaframework-ninja,ninja.params.controllermethodinvokertest.validationfailedwithtwoannotations,0.0,False
225,7600.0,ninjaframework-ninja,ninja.session.flashcookietest.testthatflashcookieworksandisactiveonlyonetime,0.0,False
232,7608.0,ninjaframework-ninja,ninja.servlet.contextimpltest.getcookietest,0.0,False
286,7669.0,ninjaframework-ninja,controllers.applicationcontrollertest.testthathomepageworks,1.0,True
303,7681.0,ninjaframework-ninja,controllers.loginlogoutcontrollertest.testloginglogout,0.0,False
307,7691.0,ninjaframework-ninja,controllers.loginlogoutcontrollertest.testloginglogout,0.0,False
312,7661.0,ninjaframework-ninja,controllers.apicontrollertest.testgetandpostarticleviajson,0.0,False
341,7694.0,ninjaframework-ninja,controllers.apicontrollertest.testgetandpostarticleviaxml,0.0,False
342,7694.0,ninjaframework-ninja,controllers.apicontrollertest.testgetandpostarticleviaxml,0.0,False
348,7701.0,ninjaframework-ninja,conf.routestest.testroutes,0.0,False
1,7328.0,ninjaframework-ninja,ninja.resultstest.testresultsok,0.0,False
3,7330.0,ninjaframework-ninja,ninja.resultstest.testresultsforbidden,0.0,False
21,7348.0,ninjaframework-ninja,ninja.resulttest.testandaddcookies,0.0,False
29,7356.0,ninjaframework-ninja,ninja.resulttest.testutf8isusedasdefaultcharset,0.0,False
44,7372.0,ninjaframework-ninja,ninja.routebuilderimpltest.testparametersdontcrossslashes,0.0,False
50,7380.0,ninjaframework-ninja,ninja.securefiltertest.testsessionisnotreturingwhenusernamemissing,0.0,False
75,7426.0,ninjaframework-ninja,ninja.scheduler.schedulersupporttest.schedulableshouldnotbescheduledbeforestart,0.0,False
78,7430.0,ninjaframework-ninja,ninja.scheduler.schedulersupporttest.schedulableshouldusepropertyconfig,0.0,False
79,7432.0,ninjaframework-ninja,ninja.scheduler.schedulersupporttest.schedulableshouldthrowexceptionwhennopropertyfound,0.0,False
82,7440.0,ninjaframework-ninja,ninja.template.templateenginejsonptest.testbadcallbacknameflow,0.0,False
93,7455.0,ninjaframework-ninja,ninja.utils.ninjapropertiesimpltooltest.testprodthrowserror,0.0,False
115,7479.0,ninjaframework-ninja,ninja.utils.ninjapropertiesimpltest.testpropertiesboundinguice,0.0,False
120,7485.0,ninjaframework-ninja,ninja.utils.ninjapropertiesimpltest.testexernalconfigloadingbreakswhenfiledoesnotexist,0.0,False
142,7509.0,ninjaframework-ninja,ninja.jpa.jpainitializertest.teststart,0.0,False
154,7521.0,ninjaframework-ninja,ninja.i18n.messagesimpltest.testiparameterized18n,0.0,False
159,7527.0,ninjaframework-ninja,ninja.params.controllermethodinvokertest.noparametermethodshouldbeinvoked,0.0,False
162,7530.0,ninjaframework-ninja,ninja.params.controllermethodinvokertest.flashargumentshouldbepassed,0.0,False
172,7540.0,ninjaframework-ninja,ninja.params.controllermethodinvokertest.intvalidationshouldwork,0.0,False
175,7543.0,ninjaframework-ninja,ninja.params.controllermethodinvokertest.primbooleanparamshouldbeparsedtoboolean,0.0,False
178,7546.0,ninjaframework-ninja,ninja.params.controllermethodinvokertest.longparamshouldhandlenull,0.0,False
183,7551.0,ninjaframework-ninja,ninja.params.controllermethodinvokertest.floatparamshouldbeparsedtofloat,0.0,False
186,7554.0,ninjaframework-ninja,ninja.params.controllermethodinvokertest.primfloatparamshouldbeparsedtofloat,0.0,False
203,7571.0,ninjaframework-ninja,ninja.params.controllermethodinvokertest.validationshouldbeappliedincorrectorderpass,0.0,False
210,7578.0,ninjaframework-ninja,ninja.params.controllermethodinvokertest.validationfailedrange,0.0,False
230,7606.0,ninjaframework-ninja,ninja.servlet.contextimpltest.testgetrequesturi,0.0,False
249,7625.0,ninjaframework-ninja,ninja.servlet.contextimpltest.testparsebodyjsonworks,0.0,False
258,7634.0,ninjaframework-ninja,controllers.applicationcontrollertest.testthatredirectworks,0.0,False
259,7635.0,ninjaframework-ninja,controllers.applicationcontrollertest.testhtmlescapinginteamplateworks,0.0,False
288,7679.0,ninjaframework-ninja,controllers.applicationcontrollertest.testthathomepageworks,1.0,True
299,7671.0,ninjaframework-ninja,controllers.loginlogoutcontrollertest.testloginglogout,0.0,False
316,7673.0,ninjaframework-ninja,controllers.apicontrollertest.testgetandpostarticleviajson,0.0,False
339,7694.0,ninjaframework-ninja,controllers.apicontrollertest.testgetandpostarticleviaxml,0.0,False
344,7666.0,ninjaframework-ninja,controllers.routestest.testrouting,0.0,False
349,7702.0,ninjaframework-ninja,conf.routestest.testreverseroutingwithoutmap,0.0,False
351,7704.0,ninjaframework-ninja,conf.routestest.testreverseroutingwithmapandqueryparameter,0.0,False
9,7336.0,ninjaframework-ninja,ninja.resultstest.testresultscontenttype,0.0,False
16,7343.0,ninjaframework-ninja,ninja.resultstest.testresultsasync,0.0,False
17,7344.0,ninjaframework-ninja,ninja.resulttest.testconstructor,0.0,False
26,7353.0,ninjaframework-ninja,ninja.resulttest.testredirecttemporary,0.0,False
34,7362.0,ninjaframework-ninja,ninja.resulttest.testrenderentryandmakesuremapiscreated,0.0,False
36,7364.0,ninjaframework-ninja,ninja.resulttest.testrenderraw,0.0,False
52,7382.0,ninjaframework-ninja,ninja.assetscontrollertest.testassetscontroller404,0.0,False
74,7422.0,ninjaframework-ninja,ninja.postoffice.commonsmail.commonsmailhelperimpltest.testcreatevalidemailfromstring,0.0,False
80,7438.0,ninjaframework-ninja,ninja.template.templateenginejsonptest.testcorrectflow,0.0,False
81,7439.0,ninjaframework-ninja,ninja.template.templateenginejsonptest.testmissingcallbackvariableflow,0.0,False
83,7441.0,ninjaframework-ninja,ninja.template.templateenginemanagerimpltest.testgetjson,0.0,False
94,7456.0,ninjaframework-ninja,ninja.utils.ninjapropertiesimpltooltest.testmissingsecretcreatesnewoneindevmode,0.0,False
112,7476.0,ninjaframework-ninja,ninja.utils.ninjapropertiesimpltest.testgetbooleanordie,0.0,False
116,7481.0,ninjaframework-ninja,ninja.utils.ninjapropertiesimpltest.testreferenciningofpropertiesworks,0.0,False
125,7490.0,ninjaframework-ninja,ninja.utils.ninjaconstanttest.testallconstants,0.0,False
141,7508.0,ninjaframework-ninja,ninja.utils.timeutiltest.test,0.0,False
150,7517.0,ninjaframework-ninja,ninja.i18n.langimpltest.testislanguagedirectlysupportedbythisapplication,0.0,False
158,7525.0,ninjaframework-ninja,ninja.i18n.messagesimpltest.testagainstcorrectparsingofdelimitersinpropertiesfiles,0.0,False
166,7534.0,ninjaframework-ninja,ninja.params.controllermethodinvokertest.attributeannotatedargumentshouldbepassed,0.0,False
169,7537.0,ninjaframework-ninja,ninja.params.controllermethodinvokertest.integervalidationshouldwork,0.0,False
196,7564.0,ninjaframework-ninja,ninja.params.controllermethodinvokertest.customargumentextractorwithclassargshouldbeinstantiated,0.0,False
201,7569.0,ninjaframework-ninja,ninja.params.controllermethodinvokertest.validationshouldbeappliedincorrectorderprefail,0.0,False
215,7589.0,ninjaframework-ninja,ninja.session.sessioncookietest.testsessioncookiesettingworks,0.0,False
218,7592.0,ninjaframework-ninja,ninja.session.sessioncookietest.testhttponlyworks,0.0,False
236,7612.0,ninjaframework-ninja,ninja.servlet.contextimpltest.testgetpathparameterdecodingworks,0.0,False
252,7628.0,ninjaframework-ninja,ninja.servlet.contextimpltest.testparsebodywithunkowncontenttypeworks,0.0,False
256,7632.0,ninjaframework-ninja,controllers.uploadcontrollertest.testhtmlescapinginteamplateworks,0.0,False
263,7639.0,ninjaframework-ninja,controllers.applicationcontrollertest.testpostformparsingworks,0.0,False
278,7654.0,ninjaframework-ninja,controllers.personcontrollertest.testpostpersonxml,0.0,False
287,7679.0,ninjaframework-ninja,controllers.applicationcontrollertest.testthathomepageworks,1.0,True
314,7661.0,ninjaframework-ninja,controllers.apicontrollertest.testgetandpostarticleviajson,0.0,False
325,7693.0,ninjaframework-ninja,controllers.apicontrollertest.testgetandpostarticleviajson,0.0,False
332,7674.0,ninjaframework-ninja,controllers.apicontrollertest.testgetandpostarticleviaxml,0.0,False
338,7684.0,ninjaframework-ninja,controllers.apicontrollertest.testgetandpostarticleviaxml,0.0,False
340,7694.0,ninjaframework-ninja,controllers.apicontrollertest.testgetandpostarticleviaxml,0.0,False
10,7337.0,ninjaframework-ninja,ninja.resultstest.testresultshtml,0.0,False
15,7342.0,ninjaframework-ninja,ninja.resultstest.testresultstodo,0.0,False
28,7355.0,ninjaframework-ninja,ninja.resulttest.testjson,0.0,False
42,7370.0,ninjaframework-ninja,ninja.routebuilderimpltest.testbasicplaceholersandparameters,0.0,False
48,7376.0,ninjaframework-ninja,ninja.routebuilderimpltest.testroutewithurlencodedslashgetschoppedcorrectly,0.0,False
53,7383.0,ninjaframework-ninja,ninja.assetscontrollertest.testassetscontroller304notmodified,0.0,False
57,7387.0,ninjaframework-ninja,ninja.cookietest.testthatbuilderworks,0.0,False
62,7400.0,ninjaframework-ninja,ninja.lifecycle.lifecyclesupporttest.serviceshouldbestartedifexplicitlyboundassingleton,0.0,False
77,7429.0,ninjaframework-ninja,ninja.scheduler.schedulersupporttest.schedulableaddedafterstartshouldbescheduledimmediately,0.0,False
86,7444.0,ninjaframework-ninja,ninja.template.templateenginemanagerimpltest.testgetcustom,0.0,False
107,7470.0,ninjaframework-ninja,ninja.utils.httpcachetoolkitimpltest.testismodified,0.0,False
117,7482.0,ninjaframework-ninja,ninja.utils.ninjapropertiesimpltest.testloadingofexternalconffile,0.0,False
124,7489.0,ninjaframework-ninja,ninja.utils.ninjapropertiesimpltest.testgetstringarrayworks,0.0,False
126,7491.0,ninjaframework-ninja,ninja.utils.cookiedatacodectest.flash_cookies_should_bake_in_a_header_and_value,0.0,False
134,7500.0,ninjaframework-ninja,ninja.utils.cookiedatacodectest.decode_values_of_the_previously_supported_format,0.0,False
143,7510.0,ninjaframework-ninja,ninja.jpa.jpainitializertest.teststop,0.0,False
148,7515.0,ninjaframework-ninja,ninja.i18n.langimpltest.testchangelanguage,0.0,False
161,7529.0,ninjaframework-ninja,ninja.params.controllermethodinvokertest.sessionshouldbepassed,0.0,False
173,7541.0,ninjaframework-ninja,ninja.params.controllermethodinvokertest.booleanparamshouldbeparsedtoboolean,0.0,False
184,7552.0,ninjaframework-ninja,ninja.params.controllermethodinvokertest.floatparamshouldhandlenull,0.0,False
187,7555.0,ninjaframework-ninja,ninja.params.controllermethodinvokertest.primfloatparamshouldhandlenull,0.0,False
194,7562.0,ninjaframework-ninja,ninja.params.controllermethodinvokertest.primdoublevalidationshouldwork,0.0,False
200,7568.0,ninjaframework-ninja,ninja.params.controllermethodinvokertest.validationshouldpasswhengoodrequest,0.0,False
208,7576.0,ninjaframework-ninja,ninja.params.controllermethodinvokertest.validationfailedregex,0.0,False
226,7601.0,ninjaframework-ninja,ninja.session.flashcookietest.testthatflashcookieclearworks,0.0,False
231,7607.0,ninjaframework-ninja,ninja.servlet.contextimpltest.testaddcookieviaresult,0.0,False
242,7618.0,ninjaframework-ninja,ninja.servlet.contextimpltest.testgetrequestpathworksasexpectedwithcontext,0.0,False
277,7653.0,ninjaframework-ninja,controllers.personcontrollertest.testpostpersonjson,0.0,False
291,7689.0,ninjaframework-ninja,controllers.applicationcontrollertest.testthathomepageworks,1.0,True
297,7659.0,ninjaframework-ninja,controllers.loginlogoutcontrollertest.testloginglogout,0.0,False
321,7683.0,ninjaframework-ninja,controllers.apicontrollertest.testgetandpostarticleviajson,0.0,False
322,7683.0,ninjaframework-ninja,controllers.apicontrollertest.testgetandpostarticleviajson,0.0,False
324,7693.0,ninjaframework-ninja,controllers.apicontrollertest.testgetandpostarticleviajson,0.0,False
334,7674.0,ninjaframework-ninja,controllers.apicontrollertest.testgetandpostarticleviaxml,0.0,False
347,7700.0,ninjaframework-ninja,conf.routestest.testtestroutesarehiddenfromproduction,0.0,False
6,7333.0,ninjaframework-ninja,ninja.resultstest.testresultsinternalservererror,0.0,False
35,7363.0,ninjaframework-ninja,ninja.resulttest.testrenderingofstringobjectpairsworks,0.0,False
43,7371.0,ninjaframework-ninja,ninja.routebuilderimpltest.testbasicplaceholersparametersandregex,0.0,False
69,7416.0,ninjaframework-ninja,ninja.postoffice.mock.postofficemockimpltest.testsending,0.0,False
85,7443.0,ninjaframework-ninja,ninja.template.templateenginemanagerimpltest.testgetfreemarker,0.0,False
99,7462.0,ninjaframework-ninja,ninja.utils.resulthandlertest.testcontentnegotiation,0.0,False
100,7463.0,ninjaframework-ninja,ninja.utils.resulthandlertest.testrenderplainstringleavesexplicitlysetcontenttypeuntouched,0.0,False
109,7473.0,ninjaframework-ninja,ninja.utils.ninjapropertiesimpltest.testskippingthroughmodesworks,0.0,False
119,7484.0,ninjaframework-ninja,ninja.utils.ninjapropertiesimpltest.testuft8works,0.0,False
128,7493.0,ninjaframework-ninja,ninja.utils.cookiedatacodectest.bake_in_a_header_an_empty_value,0.0,False
131,7496.0,ninjaframework-ninja,ninja.utils.cookiedatacodectest.encode_values_such_that_no_extra_keys_can_be_created,0.0,False
151,7518.0,ninjaframework-ninja,ninja.i18n.messagesimpltest.testisimple18n,0.0,False
153,7520.0,ninjaframework-ninja,ninja.i18n.messagesimpltest.testi18nacceptlanguagehttpheaderwithqualityscores,0.0,False
157,7524.0,ninjaframework-ninja,ninja.i18n.messagesimpltest.testi18ngetallwithcontextandresult,0.0,False
160,7528.0,ninjaframework-ninja,ninja.params.controllermethodinvokertest.contextshouldbepassed,0.0,False
168,7536.0,ninjaframework-ninja,ninja.params.controllermethodinvokertest.integerparamshouldhandlenull,0.0,False
170,7538.0,ninjaframework-ninja,ninja.params.controllermethodinvokertest.intparamshouldbeparsedtointeger,0.0,False
185,7553.0,ninjaframework-ninja,ninja.params.controllermethodinvokertest.floatvalidationshouldwork,0.0,False
209,7577.0,ninjaframework-ninja,ninja.params.controllermethodinvokertest.validationfailedlength,0.0,False
214,7588.0,ninjaframework-ninja,ninja.session.sessioncookietest.testsessiondoesnotgetwrittentoresponsewhenemptyandonlysentwhenchanged,0.0,False
228,7603.0,ninjaframework-ninja,ninja.session.flashcookietest.testthatflashcookiekeepworks,0.0,False
229,7604.0,ninjaframework-ninja,ninja.session.flashcookietest.testthatcorrectmethodofninjapropertiesisusedsothatstuffbreakswhenpropertyisabsent,0.0,False
234,7610.0,ninjaframework-ninja,ninja.servlet.contextimpltest.getcookiestest,0.0,False
246,7622.0,ninjaframework-ninja,ninja.servlet.contextimpltest.testgetacceptencoding,0.0,False
247,7623.0,ninjaframework-ninja,ninja.servlet.contextimpltest.testgetacceptlanguage,0.0,False
267,7643.0,ninjaframework-ninja,controllers.applicationcontrollertest.testcachingworks,0.0,False
269,7645.0,ninjaframework-ninja,controllers.assetscontrollertest.testthatsettingofmimetypeworks,0.0,False
270,7646.0,ninjaframework-ninja,controllers.assetscontrollertest.testthatassetswork,0.0,False
271,7647.0,ninjaframework-ninja,controllers.assetscontrollertest.testthatmetainfintegrationworks,0.0,False
289,7679.0,ninjaframework-ninja,controllers.applicationcontrollertest.testthathomepageworks,1.0,True
293,7689.0,ninjaframework-ninja,controllers.applicationcontrollertest.testthathomepageworks,1.0,True
296,7659.0,ninjaframework-ninja,controllers.loginlogoutcontrollertest.testloginglogout,0.0,False
304,7681.0,ninjaframework-ninja,controllers.loginlogoutcontrollertest.testloginglogout,0.0,False
328,7662.0,ninjaframework-ninja,controllers.apicontrollertest.testgetandpostarticleviaxml,0.0,False
343,7666.0,ninjaframework-ninja,controllers.routestest.testrouting,0.0,False
20,7347.0,ninjaframework-ninja,ninja.resulttest.testandaddheaders,0.0,False
27,7354.0,ninjaframework-ninja,ninja.resulttest.testhtml,0.0,False
31,7358.0,ninjaframework-ninja,ninja.resulttest.testrenderrenderable,0.0,False
37,7365.0,ninjaframework-ninja,ninja.routebuilderimpltest.testbasicgetroute,0.0,False
67,7407.0,ninjaframework-ninja,ninja.lifecycle.lifecyclesupporttest.providedsingletonstartableshouldbestarted,0.0,False
87,7445.0,ninjaframework-ninja,ninja.template.templateenginemanagerimpltest.testoverridejson,0.0,False
89,7447.0,ninjaframework-ninja,ninja.template.templateenginemanagerimpltest.testgetnonexistingproducesnonpe,0.0,False
90,7451.0,ninjaframework-ninja,ninja.utils.secretgeneratortest.testgeneratesecret,0.0,False
92,7454.0,ninjaframework-ninja,ninja.utils.swissknifetest.testgetrealclassnamelowercamelcase,0.0,False
96,7459.0,ninjaframework-ninja,ninja.utils.resulthandlertest.testaddingofdefaultheadersworks,0.0,False
110,7474.0,ninjaframework-ninja,ninja.utils.ninjapropertiesimpltest.testgetordie,0.0,False
114,7478.0,ninjaframework-ninja,ninja.utils.ninjapropertiesimpltest.testgetintegerdie,0.0,False
138,7504.0,ninjaframework-ninja,ninja.utils.httpheaderutilstest.testgetcharactersetofcontenttype,0.0,False
140,7507.0,ninjaframework-ninja,ninja.utils.mimetypestest.testloadingworks,0.0,False
149,7516.0,ninjaframework-ninja,ninja.i18n.langimpltest.testclearlanguage,0.0,False
152,7519.0,ninjaframework-ninja,ninja.i18n.messagesimpltest.testisimple18nwithcontextresult,0.0,False
156,7523.0,ninjaframework-ninja,ninja.i18n.messagesimpltest.testi18ngetall,0.0,False
174,7542.0,ninjaframework-ninja,ninja.params.controllermethodinvokertest.booleanparamshouldhandlenull,0.0,False
192,7560.0,ninjaframework-ninja,ninja.params.controllermethodinvokertest.primdoubleparamshouldbeparsedtodouble,0.0,False
213,7581.0,ninjaframework-ninja,ninja.params.controllermethodinvokertest.validationwithnullobject,0.0,False
220,7594.0,ninjaframework-ninja,ninja.session.sessioncookietest.testthatcookiesavingandinitingworks,0.0,False
238,7614.0,ninjaframework-ninja,ninja.servlet.contextimpltest.testgetparameter,0.0,False
253,7629.0,ninjaframework-ninja,ninja.servlet.contextimpltest.testparsebodywithunknownrequestcontenttypeworks,0.0,False
255,7631.0,ninjaframework-ninja,ninja.servlet.contextimpltest.testgetinputstreamenforcingofcorrectencoding,0.0,False
273,7649.0,ninjaframework-ninja,controllers.i18ncontrollertest.testthati18nworksen,0.0,False
276,7652.0,ninjaframework-ninja,controllers.i18ncontrollertest.testthatexplicitlangsettingworks,0.0,False
281,7657.0,ninjaframework-ninja,controllers.applicationcontrollertest.testthathomepageworks,1.0,True
284,7669.0,ninjaframework-ninja,controllers.applicationcontrollertest.testthathomepageworks,1.0,True
298,7659.0,ninjaframework-ninja,controllers.loginlogoutcontrollertest.testloginglogout,0.0,False
306,7681.0,ninjaframework-ninja,controllers.loginlogoutcontrollertest.testloginglogout,0.0,False
309,7691.0,ninjaframework-ninja,controllers.loginlogoutcontrollertest.testloginglogout,0.0,False
310,7691.0,ninjaframework-ninja,controllers.loginlogoutcontrollertest.testloginglogout,0.0,False
318,7673.0,ninjaframework-ninja,controllers.apicontrollertest.testgetandpostarticleviajson,0.0,False
329,7662.0,ninjaframework-ninja,controllers.apicontrollertest.testgetandpostarticleviaxml,0.0,False
336,7684.0,ninjaframework-ninja,controllers.apicontrollertest.testgetandpostarticleviaxml,0.0,False
2,7329.0,ninjaframework-ninja,ninja.resultstest.testresultsnotfound,0.0,False
4,7331.0,ninjaframework-ninja,ninja.resultstest.testresultsbadrequest,0.0,False
7,7334.0,ninjaframework-ninja,ninja.resultstest.testresultsredirect,0.0,False
8,7335.0,ninjaframework-ninja,ninja.resultstest.testresultsredirecttemporary,0.0,False
45,7373.0,ninjaframework-ninja,ninja.routebuilderimpltest.testpointsinregexdontcrashregexinthemiddleoftheroute,0.0,False
54,7384.0,ninjaframework-ninja,ninja.assetscontrollertest.testassetscontrollernormaloperationmodifiednocaching,0.0,False
63,7402.0,ninjaframework-ninja,ninja.lifecycle.lifecyclesupporttest.serviceshouldnotbestartedifexplicitlyboundandnotsingleton,0.0,False
64,7404.0,ninjaframework-ninja,ninja.lifecycle.lifecyclesupporttest.singletonserviceshouldnotbestartedtwice,0.0,False
76,7427.0,ninjaframework-ninja,ninja.scheduler.schedulersupporttest.schedulableshouldbescheduledafterstart,0.0,False
91,7453.0,ninjaframework-ninja,ninja.utils.cryptotest.testsigning,0.0,False
104,7467.0,ninjaframework-ninja,ninja.utils.ninjamodehelpertest.testninjamodehelperworkswithtestset,0.0,False
105,7468.0,ninjaframework-ninja,ninja.utils.ninjamodehelpertest.testninjamodehelperworkswithdevset,0.0,False
122,7487.0,ninjaframework-ninja,ninja.utils.ninjapropertiesimpltest.testgetintegerwithdefault,0.0,False
145,7512.0,ninjaframework-ninja,ninja.cache.cacheprovidertest.testmemcachedloadingworks,0.0,False
146,7513.0,ninjaframework-ninja,ninja.cache.cacheprovidertest.testthatsettingwrongcacheimplementationyieldsexception,0.0,False
147,7514.0,ninjaframework-ninja,ninja.i18n.langimpltest.testgetlanguage,0.0,False
176,7544.0,ninjaframework-ninja,ninja.params.controllermethodinvokertest.primbooleanparamshouldhandlenull,0.0,False
177,7545.0,ninjaframework-ninja,ninja.params.controllermethodinvokertest.longparamshouldbeparsedtolong,0.0,False
182,7550.0,ninjaframework-ninja,ninja.params.controllermethodinvokertest.primlongvalidationshouldwork,0.0,False
204,7572.0,ninjaframework-ninja,ninja.params.controllermethodinvokertest.invalidvalidatorshouldbeflagged,0.0,False
219,7593.0,ninjaframework-ninja,ninja.session.sessioncookietest.testnohttponlyworks,0.0,False
222,7596.0,ninjaframework-ninja,ninja.session.sessioncookietest.testsessioncookiedelete,0.0,False
223,7598.0,ninjaframework-ninja,ninja.session.flashcookietest.testflashscopedoesnothingwhenflashcookieempty,0.0,False
227,7602.0,ninjaframework-ninja,ninja.session.flashcookietest.testthatflashcookieclearofoutgoingworks,0.0,False
239,7615.0,ninjaframework-ninja,ninja.servlet.contextimpltest.testgetparameterasinteger,0.0,False
243,7619.0,ninjaframework-ninja,ninja.servlet.contextimpltest.testgetrequestpathworksasexpectedwithoutcontext,0.0,False
254,7630.0,ninjaframework-ninja,ninja.servlet.contextimpltest.testgetreaderenforcingofcorrectencoding,0.0,False
266,7642.0,ninjaframework-ninja,controllers.applicationcontrollertest.testflashanyworks,0.0,False
268,7644.0,ninjaframework-ninja,controllers.applicationcontrollertest.testjsonpworks,0.0,False
279,7657.0,ninjaframework-ninja,controllers.applicationcontrollertest.testthathomepageworks,1.0,True
290,7679.0,ninjaframework-ninja,controllers.applicationcontrollertest.testthathomepageworks,1.0,True
313,7661.0,ninjaframework-ninja,controllers.apicontrollertest.testgetandpostarticleviajson,0.0,False
333,7674.0,ninjaframework-ninja,controllers.apicontrollertest.testgetandpostarticleviaxml,0.0,False
335,7684.0,ninjaframework-ninja,controllers.apicontrollertest.testgetandpostarticleviaxml,0.0,False
350,7703.0,ninjaframework-ninja,conf.routestest.testreverseroutingwithmap,0.0,False
23,7350.0,ninjaframework-ninja,ninja.resulttest.testsetandgetstatus,0.0,False
32,7360.0,ninjaframework-ninja,ninja.resulttest.testrendersingleobject,0.0,False
39,7367.0,ninjaframework-ninja,ninja.routebuilderimpltest.testbasicputroute,0.0,False
46,7374.0,ninjaframework-ninja,ninja.routebuilderimpltest.testpointsinregexdontcrashregexatend,0.0,False
51,7381.0,ninjaframework-ninja,ninja.securefiltertest.testworkingsessionwhenusernameisthere,0.0,False
58,7395.0,ninjaframework-ninja,ninja.lifecycle.lifecyclesupporttest.serviceshouldnotbestartedbeforelifecycleserviceisstarted,0.0,False
65,7405.0,ninjaframework-ninja,ninja.lifecycle.lifecyclesupporttest.nonsingletonservicesshouldbeinstantiatedforeachinstance,0.0,False
70,7418.0,ninjaframework-ninja,ninja.postoffice.commonsmail.commonsmailhelperimpltest.testcreatemultipartemailwithcontent,0.0,False
71,7419.0,ninjaframework-ninja,ninja.postoffice.commonsmail.commonsmailhelperimpltest.testdopopulatemultipartmailwithcontent,0.0,False
118,7483.0,ninjaframework-ninja,ninja.utils.ninjapropertiesimpltest.testloadingofexternalconfigurationfileworksandprefixedconfigurationssetread,0.0,False
163,7531.0,ninjaframework-ninja,ninja.params.controllermethodinvokertest.paramannotatedargumentshouldbepassed,0.0,False
164,7532.0,ninjaframework-ninja,ninja.params.controllermethodinvokertest.pathparamannotatedargumentshouldbepassed,0.0,False
165,7533.0,ninjaframework-ninja,ninja.params.controllermethodinvokertest.sessionparamannotatedargumentshouldbepassed,0.0,False
167,7535.0,ninjaframework-ninja,ninja.params.controllermethodinvokertest.integerparamshouldbeparsedtointeger,0.0,False
188,7556.0,ninjaframework-ninja,ninja.params.controllermethodinvokertest.primfloatvalidationshouldwork,0.0,False
190,7558.0,ninjaframework-ninja,ninja.params.controllermethodinvokertest.doubleparamshouldhandlenull,0.0,False
202,7570.0,ninjaframework-ninja,ninja.params.controllermethodinvokertest.validationshouldbeappliedincorrectorderpostfail,0.0,False
207,7575.0,ninjaframework-ninja,ninja.params.controllermethodinvokertest.validationpassed,0.0,False
217,7591.0,ninjaframework-ninja,ninja.session.sessioncookietest.testnohttpsonlyworks,0.0,False
224,7599.0,ninjaframework-ninja,ninja.session.flashcookietest.testflashcookiesettingworks,0.0,False
241,7617.0,ninjaframework-ninja,ninja.servlet.contextimpltest.testcontenttypewithnullencodinggetsconvertedproperlyuponfinalize,0.0,False
245,7621.0,ninjaframework-ninja,ninja.servlet.contextimpltest.testgetacceptcontenttype,0.0,False
251,7627.0,ninjaframework-ninja,ninja.servlet.contextimpltest.testparsebodyxmlworks,0.0,False
265,7641.0,ninjaframework-ninja,controllers.applicationcontrollertest.testflasherrorworks,0.0,False
272,7648.0,ninjaframework-ninja,controllers.assetscontrollertest.testthatstaticassetsdonotsetninjacookies,0.0,False
274,7650.0,ninjaframework-ninja,controllers.i18ncontrollertest.testthati18nworksde,0.0,False
275,7651.0,ninjaframework-ninja,controllers.i18ncontrollertest.testthatimplicitparameterworks,0.0,False
282,7657.0,ninjaframework-ninja,controllers.applicationcontrollertest.testthathomepageworks,1.0,True
285,7669.0,ninjaframework-ninja,controllers.applicationcontrollertest.testthathomepageworks,1.0,True
315,7673.0,ninjaframework-ninja,controllers.apicontrollertest.testgetandpostarticleviajson,0.0,False
317,7673.0,ninjaframework-ninja,controllers.apicontrollertest.testgetandpostarticleviajson,0.0,False
323,7693.0,ninjaframework-ninja,controllers.apicontrollertest.testgetandpostarticleviajson,0.0,False
331,7674.0,ninjaframework-ninja,controllers.apicontrollertest.testgetandpostarticleviaxml,0.0,False
337,7684.0,ninjaframework-ninja,controllers.apicontrollertest.testgetandpostarticleviaxml,0.0,False
345,7698.0,ninjaframework-ninja,controllers.routestest.testrouting,0.0,False
